user_id,name,email,age
00234e50-34eb-4ce2-94ec-26e3fa749796,Dan Altenwerth Jr.,Molly59@gmail.com,67
006bfede-724d-4cdd-a2a6-59700f40d0da,Glenda Wisozk,Miriam21@gmail.com,119
006e1f7f-90c2-45ad-8c1d-1275d594cc88,Daniel Fahey IV,Delia.Lesch11@hotmail.com,49
00af05c9-0a86-419e-8c2d-5fb7e899ae1c,Ronnie Bechtelar,Sandra19@yahoo.com,22
00cc08cc-62f4-4da1-b8e4-f5d9ef5dbbd4,Alma Bechtelar,Shelly_Balistreri22@hotmail.com,102
01187f09-72be-4924-8a2d-150645dcadad,Jonathon Jones,Jody.Quigley-Ziemann33@yahoo.com,116
01ab6c5d-7ae2-4968-991a-d63e93d8d025,Forrest Heaney,Albert51@hotmail.com,104
02345678-1234-5678-1234-567812345678,John Smith,john.smith@example.com,45
03456789-2345-6789-2345-678923456789,Mary Johnson,mary.j@email.com,32
04567890-3456-7890-3456-789034567890,Robert Williams,rob.williams@test.com,28
05678901-4567-8901-4567-890145678901,Patricia Brown,pat.brown@mail.com,55
06789012-5678-9012-5678-901256789012,Michael Jones,mike.jones@domain.com,41
07890123-6789-0123-6789-012367890123,Linda Garcia,linda.g@email.net,63
08901234-7890-1234-7890-123478901234,William Martinez,will.m@test.org,29
09012345-8901-2345-8901-234589012345,Elizabeth Rodriguez,liz.rod@example.com,38
0a123456-9012-3456-9012-3456a0123456,David Wilson,david.w@mail.org,72
0b234567-0123-4567-0123-4567b1234567,Jennifer Anderson,jen.anderson@email.com,26
0c345678-1234-5678-1234-5678c2345678,James Thomas,james.t@test.com,51
0d456789-2345-6789-2345-6789d3456789,Barbara Taylor,barb.taylor@domain.net,44
0e567890-3456-7890-3456-7890e4567890,Richard Moore,rich.moore@example.org,37
0f678901-4567-8901-4567-8901f5678901,Susan Jackson,susan.j@mail.com,60
10789012-5678-9012-5678-9012g6789012,Joseph Martin,joe.martin@test.net,33
11890123-6789-0123-6789-0123h7890123,Jessica Lee,jessica.lee@email.org,48
12901234-7890-1234-7890-1234i8901234,Thomas Perez,tom.perez@example.com,56
13012345-8901-2345-8901-2345j9012345,Sarah Thompson,sarah.t@domain.com,27
